{"feature": "peeringDB_policy_general", "xlabel": "Peering policy (PeeringDB)", "ylabel": "Fraction", "bars": {"All ASes": {"Open": 0.8305407882676443, "Selective": 0.13569202566452795, "Restrictive": 0.020274977085242896, "No": 0.013492208982584785}, "Atlas": {"Open": 0.742798353909465, "Selective": 0.2143347050754458, "Restrictive": 0.030864197530864196, "No": 0.012002743484224965}, "RIS": {"Open": 0.6767676767676768, "Selective": 0.27946127946127947, "Restrictive": 0.037037037037037035, "No": 0.006734006734006734}, "RouteViews": {"Open": 0.6428571428571429, "Selective": 0.2976190476190476, "Restrictive": 0.05654761904761905, "No": 0.002976190476190476}, "RIS&RouteViews": {"Open": 0.6852085967130215, "Selective": 0.2718078381795196, "Restrictive": 0.03666245259165613, "No": 0.006321112515802781}, "BGPtools": {"Open": 0.8299319727891157, "Selective": 0.14285714285714285, "Restrictive": 0.018140589569160998, "No": 0.009070294784580499}}}