{"feature": "peeringDB_info_type", "xlabel": "Network type (PeeringDB)", "ylabel": "Fraction", "bars": {"All ASes": {"Cable/DSL/ISP": 0.36141304347826086, "Not Disclosed": 0.27409897025171626, "NSP": 0.12617991990846683, "Content": 0.07537185354691076, "Enterprise": 0.05209525171624714, "Educational/Research": 0.0464816933638444, "Non-Profit": 0.021024027459954235, "Route Server": 0.020058638443935926, "Network Services": 0.019522311212814645, "Government": 0.00289616704805492, "Route Collector": 0.0008581235697940503}, "Atlas": {"Cable/DSL/ISP": 0.3876154635648307, "NSP": 0.20663701676359905, "Not Disclosed": 0.13274033527198084, "Content": 0.10331850838179953, "Educational/Research": 0.0752651385562778, "Non-Profit": 0.0383167978104687, "Enterprise": 0.037290455011974, "Network Services": 0.014368799178925761, "Route Server": 0.0020526855969893944, "Government": 0.0013684570646595963, "Route Collector": 0.0010263427984946972}, "RIS": {"NSP": 0.37264957264957266, "Cable/DSL/ISP": 0.27350427350427353, "Content": 0.10085470085470086, "Educational/Research": 0.08717948717948718, "Non-Profit": 0.06837606837606838, "Enterprise": 0.042735042735042736, "Not Disclosed": 0.02564102564102564, "Network Services": 0.018803418803418803, "Route Server": 0.008547008547008548, "Government": 0.0017094017094017094}, "RouteViews": {"NSP": 0.3885542168674699, "Cable/DSL/ISP": 0.2469879518072289, "Educational/Research": 0.0963855421686747, "Content": 0.0963855421686747, "Non-Profit": 0.0572289156626506, "Not Disclosed": 0.03313253012048193, "Enterprise": 0.02710843373493976, "Network Services": 0.024096385542168676, "Route Server": 0.024096385542168676, "Government": 0.0030120481927710845, "Route Collector": 0.0030120481927710845}, "RIS&RouteViews": {"NSP": 0.3581514762516046, "Cable/DSL/ISP": 0.27599486521181, "Content": 0.0962772785622593, "Educational/Research": 0.09499358151476252, "Non-Profit": 0.06546854942233633, "Enterprise": 0.0410783055198973, "Not Disclosed": 0.026957637997432605, "Network Services": 0.02053915275994865, "Route Server": 0.01668806161745828, "Government": 0.0025673940949935813, "Route Collector": 0.0012836970474967907}, "BGPtools": {"Educational/Research": 0.2576112412177986, "NSP": 0.1920374707259953, "Cable/DSL/ISP": 0.12177985948477751, "Not Disclosed": 0.11007025761124122, "Content": 0.08665105386416862, "Non-Profit": 0.08430913348946135, "Network Services": 0.06791569086651054, "Enterprise": 0.04918032786885246, "Route Server": 0.02576112412177986, "Government": 0.00234192037470726, "Route Collector": 0.00234192037470726}}}