{"feature": "is_personal_AS", "xlabel": "Personal ASN", "ylabel": "Fraction", "bars": {"All ASes": {"0.0": 0.9904651614921008, "1.0": 0.009534838507899207}, "RIPE Atlas": {"0.0": 0.9688133874239351, "1.0": 0.03118661257606491}, "RIPE RIS": {"0.0": 0.9356521739130435, "1.0": 0.06434782608695652}, "RouteViews": {"0.0": 0.9670658682634731, "1.0": 0.03293413173652695}, "RIPE RIS + RouteViews": {"0.0": 0.9458064516129032, "1.0": 0.05419354838709677}, "BGPtools": {"0.0": 0.6297229219143576, "1.0": 0.3702770780856423}}}