{"feature": "AS_rank_source", "xlabel": "RIR region", "ylabel": "Fraction", "bars": {"All ASes": {"RIPE": 0.33872183746822127, "ARIN": 0.27966161129131234, "APNIC": 0.2470412904356974, "LACNIC": 0.11421057245550978, "AFRINIC": 0.020364688349259228}, "Atlas": {"RIPE": 0.6986093552465233, "ARIN": 0.11428571428571428, "APNIC": 0.1077117572692794, "LACNIC": 0.05056890012642225, "AFRINIC": 0.02882427307206068}, "RIS": {"RIPE": 0.6960132890365448, "ARIN": 0.09800664451827243, "APNIC": 0.0946843853820598, "LACNIC": 0.06478405315614617, "AFRINIC": 0.046511627906976744}, "RouteViews": {"RIPE": 0.3185840707964602, "ARIN": 0.2861356932153392, "APNIC": 0.22418879056047197, "LACNIC": 0.10914454277286136, "AFRINIC": 0.061946902654867256}, "RIS&RouteViews": {"RIPE": 0.5685785536159601, "ARIN": 0.15835411471321695, "APNIC": 0.1433915211970075, "LACNIC": 0.0773067331670823, "AFRINIC": 0.05236907730673317}, "BGPtools": {"RIPE": 0.7122969837587007, "ARIN": 0.14153132250580047, "APNIC": 0.0765661252900232, "LACNIC": 0.03944315545243619, "AFRINIC": 0.030162412993039442}}}