{"feature": "peeringDB_info_ratio", "xlabel": "Traffic ratio (PeeringDB)", "ylabel": "Fraction", "bars": {"All ASes": {"Not Disclosed": 0.358349791529515, "Balanced": 0.2466535001097213, "Mostly Inbound": 0.23473045132031306, "Mostly Outbound": 0.0701484895033282, "Heavy Inbound": 0.06038329310218711, "Heavy Outbound": 0.029734474434935265}, "RIPE Atlas": {"Mostly Inbound": 0.31762652705061084, "Balanced": 0.2963350785340314, "Not Disclosed": 0.18219895287958116, "Mostly Outbound": 0.10401396160558464, "Heavy Inbound": 0.0743455497382199, "Heavy Outbound": 0.02547993019197208}, "RIPE RIS": {"Balanced": 0.4910071942446043, "Mostly Inbound": 0.26798561151079137, "Mostly Outbound": 0.11510791366906475, "Not Disclosed": 0.05575539568345324, "Heavy Inbound": 0.044964028776978415, "Heavy Outbound": 0.025179856115107913}, "RouteViews": {"Balanced": 0.41590214067278286, "Mostly Inbound": 0.3149847094801223, "Mostly Outbound": 0.12232415902140673, "Heavy Inbound": 0.0764525993883792, "Not Disclosed": 0.05198776758409786, "Heavy Outbound": 0.01834862385321101}, "RIPE RIS + RouteViews": {"Balanced": 0.4647137150466045, "Mostly Inbound": 0.28761651131824234, "Mostly Outbound": 0.11584553928095873, "Not Disclosed": 0.05725699067909454, "Heavy Inbound": 0.05193075898801598, "Heavy Outbound": 0.022636484687083888}, "BGPtools": {"Balanced": 0.421875, "Not Disclosed": 0.25, "Mostly Inbound": 0.14583333333333334, "Mostly Outbound": 0.12239583333333333, "Heavy Inbound": 0.041666666666666664, "Heavy Outbound": 0.018229166666666668}}}