{"feature": "is_personal_AS", "xlabel": "Personal ASN", "ylabel": "Fraction", "bars": {"All ASes": {"0.0": 0.9898536847586891, "1.0": 0.010146315241310957}, "Atlas": {"0.0": 0.9679211922202576, "1.0": 0.03207880777974236}, "RIS": {"0.0": 0.9401993355481728, "1.0": 0.059800664451827246}, "RouteViews": {"0.0": 0.9676470588235294, "1.0": 0.03235294117647059}, "RIS&RouteViews": {"0.0": 0.9464508094645081, "1.0": 0.053549190535491904}, "BGPtools": {"0.0": 0.6261261261261262, "1.0": 0.3738738738738739}}}