{"feature": "ASDB_C1L1", "xlabel": "ASDB C1L1", "ylabel": "Fraction", "bars": {"All ASes": {"ICT": 0.5258729199084214, "Retail & E-commerce": 0.08296579680267996, "Finance": 0.06460053321704312, "Service": 0.06394640078495892, "Edu. & Research": 0.0472660237668117, "Media": 0.036472838637422324, "Manufacturing": 0.03308324330753144, "Gov. & Public": 0.027751072876299594, "Real Estate": 0.024817388029376494, "Other": 0.01984201710655421, "Nonprofit": 0.017592197984082777, "Health": 0.014301713628750112, "Shipment & postal": 0.011377939879282832, "Entertainment": 0.0088010545407693, "Travel": 0.008355055155257342, "Agro, Mining, etc.": 0.006977412608898183, "Utilities": 0.005976391765860234}, "RIPE Atlas": {"ICT": 0.7450304797243573, "Retail & E-commerce": 0.05989928438908031, "Edu. & Research": 0.05512854492446329, "Media": 0.023323615160349854, "Service": 0.023323615160349854, "Nonprofit": 0.02014312218393851, "Real Estate": 0.016432547044791943, "Manufacturing": 0.013252054068380599, "Other": 0.008746355685131196, "Finance": 0.0066260270341902995, "Gov. & Public": 0.0058309037900874635, "Entertainment": 0.0055658627087198514, "Health": 0.004505698383249403, "Agro, Mining, etc.": 0.004505698383249403, "Travel": 0.0037105751391465678, "Shipment & postal": 0.0021203286509408957, "Utilities": 0.0018552875695732839}, "RIPE RIS": {"ICT": 0.7949640287769785, "Edu. & Research": 0.052158273381294966, "Nonprofit": 0.04316546762589928, "Retail & E-commerce": 0.03237410071942446, "Service": 0.02158273381294964, "Media": 0.008992805755395683, "Finance": 0.007194244604316547, "Real Estate": 0.007194244604316547, "Other": 0.007194244604316547, "Gov. & Public": 0.00539568345323741, "Manufacturing": 0.00539568345323741, "Entertainment": 0.00539568345323741, "Health": 0.0035971223021582736, "Travel": 0.0017985611510791368, "Utilities": 0.0017985611510791368, "Agro, Mining, etc.": 0.0017985611510791368}, "RouteViews": {"ICT": 0.8260869565217391, "Edu. & Research": 0.06832298136645963, "Nonprofit": 0.034161490683229816, "Finance": 0.018633540372670808, "Retail & E-commerce": 0.015527950310559006, "Media": 0.012422360248447204, "Gov. & Public": 0.009316770186335404, "Service": 0.009316770186335404, "Health": 0.003105590062111801, "Other": 0.003105590062111801}, "RIPE RIS + RouteViews": {"ICT": 0.8021390374331551, "Edu. & Research": 0.06016042780748663, "Nonprofit": 0.04144385026737968, "Retail & E-commerce": 0.026737967914438502, "Service": 0.017379679144385027, "Media": 0.0106951871657754, "Finance": 0.008021390374331552, "Gov. & Public": 0.0066844919786096255, "Other": 0.0066844919786096255, "Real Estate": 0.0053475935828877, "Manufacturing": 0.004010695187165776, "Entertainment": 0.004010695187165776, "Health": 0.00267379679144385, "Travel": 0.001336898395721925, "Utilities": 0.001336898395721925, "Agro, Mining, etc.": 0.001336898395721925}, "BGPtools": {"ICT": 0.6185567010309279, "Service": 0.07903780068728522, "Edu. & Research": 0.06529209621993128, "Nonprofit": 0.037800687285223365, "Real Estate": 0.030927835051546393, "Manufacturing": 0.027491408934707903, "Media": 0.027491408934707903, "Retail & E-commerce": 0.027491408934707903, "Finance": 0.020618556701030927, "Shipment & postal": 0.01718213058419244, "Entertainment": 0.010309278350515464, "Travel": 0.010309278350515464, "Other": 0.006872852233676976, "Health": 0.006872852233676976, "Agro, Mining, etc.": 0.006872852233676976, "Gov. & Public": 0.003436426116838488, "Utilities": 0.003436426116838488}}}