{"feature": "peeringDB_info_type", "xlabel": "Network type (PeeringDB)", "ylabel": "Fraction", "bars": {"All ASes": {"Cable/DSL/ISP": 0.3625040851156542, "Not Disclosed": 0.2731399106721377, "NSP": 0.12734667199244706, "Content": 0.07578343440212063, "Enterprise": 0.051962671120955733, "Educational/Research": 0.04582591960492392, "Non-Profit": 0.02084316787101928, "Route Server": 0.020116925088056938, "Network Services": 0.01880968807872472, "Government": 0.0027960347144050258, "Route Collector": 0.0008714913395548131}, "RIPE Atlas": {"Cable/DSL/ISP": 0.38616614529023285, "NSP": 0.20820298922488703, "Not Disclosed": 0.1310392770246785, "Content": 0.10531803962460896, "Educational/Research": 0.07438303788668753, "Enterprise": 0.04031977754605492, "Non-Profit": 0.03753910323253389, "Network Services": 0.012165450121654502, "Route Server": 0.0024330900243309003, "Government": 0.0013903371567605145, "Route Collector": 0.0010427528675703858}, "RIPE RIS": {"NSP": 0.37924865831842575, "Cable/DSL/ISP": 0.26475849731663686, "Content": 0.09838998211091235, "Educational/Research": 0.09123434704830054, "Non-Profit": 0.06976744186046512, "Enterprise": 0.04293381037567084, "Not Disclosed": 0.026833631484794274, "Network Services": 0.017889087656529516, "Route Server": 0.007155635062611807, "Government": 0.0017889087656529517}, "RouteViews": {"NSP": 0.3944954128440367, "Cable/DSL/ISP": 0.24770642201834864, "Content": 0.09480122324159021, "Educational/Research": 0.08868501529051988, "Non-Profit": 0.0581039755351682, "Enterprise": 0.03363914373088685, "Not Disclosed": 0.03058103975535168, "Route Server": 0.027522935779816515, "Network Services": 0.01834862385321101, "Government": 0.0030581039755351682, "Route Collector": 0.0030581039755351682}, "RIPE RIS + RouteViews": {"NSP": 0.3647214854111406, "Cable/DSL/ISP": 0.27320954907161804, "Educational/Research": 0.09549071618037135, "Content": 0.09416445623342175, "Non-Profit": 0.0649867374005305, "Enterprise": 0.04111405835543767, "Not Disclosed": 0.026525198938992044, "Network Services": 0.01856763925729443, "Route Server": 0.017241379310344827, "Government": 0.002652519893899204, "Route Collector": 0.001326259946949602}, "BGPtools": {"Educational/Research": 0.2578947368421053, "NSP": 0.17894736842105263, "Cable/DSL/ISP": 0.13157894736842105, "Not Disclosed": 0.12894736842105264, "Content": 0.07894736842105263, "Non-Profit": 0.07631578947368421, "Network Services": 0.06578947368421052, "Enterprise": 0.05263157894736842, "Route Server": 0.02368421052631579, "Government": 0.002631578947368421, "Route Collector": 0.002631578947368421}}}