{"feature": "peeringDB_info_traffic", "xlabel": "Traffic volume (PeeringDB)", "ylabel": "Fraction", "bars": {"All ASes": {"1000.0": 0.24175693369836923, "5000.0": 0.15879062016426615, "100.0": 0.13540054755386263, "10000.0": 0.12766337340792763, "20000.0": 0.1093322223544816, "50000.0": 0.06499226282585406, "100000.0": 0.036245685037495534, "20.0": 0.035174384001904535, "1.0": 0.023806689679800024, "1000000.0": 0.01862873467444352, "300000.0": 0.014403047256279014, "500000.0": 0.014403047256279014, "200000.0": 0.012319961909296512, "5000000.0": 0.0026782525889775025, "10000000.0": 0.0026187358647780028, "100000000.0": 0.001011784311391501, "20000000.0": 0.0005356505177955005, "50000000.0": 0.00023806689679800025}, "Atlas": {"1000.0": 0.16641828117237953, "20000.0": 0.12468951813214109, "10000.0": 0.11177347242921014, "50000.0": 0.10630899155489319, "5000.0": 0.09985096870342772, "100.0": 0.08941877794336811, "100000.0": 0.07054148037754596, "1000000.0": 0.057128663686040734, "500000.0": 0.04272230501738698, "20.0": 0.033283656234475906, "300000.0": 0.03129657228017884, "200000.0": 0.028315946348733235, "1.0": 0.015896671634376552, "10000000.0": 0.009438648782911079, "5000000.0": 0.008445106805762544, "100000000.0": 0.0024838549428713363, "20000000.0": 0.0014903129657228018, "50000000.0": 0.0004967709885742673}, "RIS": {"1000.0": 0.14, "1000000.0": 0.10444444444444445, "100.0": 0.10222222222222223, "10000.0": 0.09111111111111111, "20000.0": 0.08888888888888889, "5000.0": 0.08666666666666667, "50000.0": 0.08444444444444445, "100000.0": 0.08222222222222222, "500000.0": 0.057777777777777775, "200000.0": 0.03111111111111111, "300000.0": 0.028888888888888888, "10000000.0": 0.024444444444444446, "1.0": 0.02, "20.0": 0.02, "5000000.0": 0.02, "100000000.0": 0.011111111111111112, "50000000.0": 0.0044444444444444444, "20000000.0": 0.0022222222222222222}, "RouteViews": {"1000000.0": 0.13178294573643412, "1000.0": 0.10465116279069768, "100000.0": 0.09689922480620156, "20000.0": 0.09302325581395349, "10000.0": 0.09302325581395349, "50000.0": 0.08139534883720931, "5000.0": 0.07364341085271318, "100.0": 0.06589147286821706, "500000.0": 0.05813953488372093, "300000.0": 0.04263565891472868, "5000000.0": 0.03875968992248062, "20.0": 0.03488372093023256, "200000.0": 0.031007751937984496, "10000000.0": 0.027131782945736434, "100000000.0": 0.01937984496124031, "50000000.0": 0.007751937984496124}, "RIS&RouteViews": {"1000.0": 0.13930348258706468, "1000000.0": 0.0978441127694859, "100.0": 0.09618573797678276, "20000.0": 0.09618573797678276, "10000.0": 0.0945273631840796, "100000.0": 0.087893864013267, "5000.0": 0.087893864013267, "50000.0": 0.08623548922056384, "500000.0": 0.05970149253731343, "200000.0": 0.029850746268656716, "300000.0": 0.028192371475953566, "20.0": 0.02321724709784411, "10000000.0": 0.01990049751243781, "5000000.0": 0.01990049751243781, "1.0": 0.014925373134328358, "100000000.0": 0.011608623548922056, "50000000.0": 0.004975124378109453, "20000000.0": 0.001658374792703151}, "BGPtools": {"100.0": 0.1716867469879518, "1000.0": 0.1686746987951807, "20.0": 0.13253012048192772, "1.0": 0.12951807228915663, "20000.0": 0.09036144578313253, "5000.0": 0.06927710843373494, "10000.0": 0.05421686746987952, "50000.0": 0.045180722891566265, "100000.0": 0.03614457831325301, "1000000.0": 0.03313253012048193, "200000.0": 0.018072289156626505, "10000000.0": 0.015060240963855422, "500000.0": 0.012048192771084338, "300000.0": 0.012048192771084338, "5000000.0": 0.006024096385542169, "50000000.0": 0.006024096385542169}}}