{"feature": "peeringDB_info_ratio", "xlabel": "Traffic ratio (PeeringDB)", "ylabel": "Fraction", "bars": {"All ASes": {"Not Disclosed": 0.35994816228085963, "Balanced": 0.24669714532560566, "Mostly Inbound": 0.2343136901976313, "Mostly Outbound": 0.06951294143057705, "Heavy Inbound": 0.06004535800424781, "Heavy Outbound": 0.029482702761078512}, "Atlas": {"Mostly Inbound": 0.3134020618556701, "Balanced": 0.29690721649484536, "Not Disclosed": 0.18487972508591066, "Mostly Outbound": 0.10274914089347079, "Heavy Inbound": 0.07663230240549829, "Heavy Outbound": 0.02542955326460481}, "RIS": {"Balanced": 0.4750430292598967, "Mostly Inbound": 0.27882960413080893, "Mostly Outbound": 0.11359724612736662, "Not Disclosed": 0.05679862306368331, "Heavy Inbound": 0.04991394148020654, "Heavy Outbound": 0.025817555938037865}, "RouteViews": {"Balanced": 0.4186746987951807, "Mostly Inbound": 0.3102409638554217, "Mostly Outbound": 0.12048192771084337, "Heavy Inbound": 0.07228915662650602, "Not Disclosed": 0.060240963855421686, "Heavy Outbound": 0.018072289156626505}, "RIS&RouteViews": {"Balanced": 0.4574742268041237, "Mostly Inbound": 0.2912371134020619, "Mostly Outbound": 0.11469072164948453, "Not Disclosed": 0.061855670103092786, "Heavy Inbound": 0.05154639175257732, "Heavy Outbound": 0.023195876288659795}, "BGPtools": {"Balanced": 0.42592592592592593, "Not Disclosed": 0.24074074074074073, "Mostly Inbound": 0.1550925925925926, "Mostly Outbound": 0.11805555555555555, "Heavy Inbound": 0.03935185185185185, "Heavy Outbound": 0.020833333333333332}}}