{"feature": "peeringDB_policy_general", "xlabel": "Peering policy (PeeringDB)", "ylabel": "Fraction", "bars": {"All ASes": {"Open": 0.8302055406613047, "Selective": 0.13624515936848378, "Restrictive": 0.02033065236818588, "No": 0.013218647602025619}, "RIPE Atlas": {"Open": 0.7396449704142012, "Selective": 0.21858684302123216, "Restrictive": 0.029933867037939436, "No": 0.011834319526627219}, "RIPE RIS": {"Open": 0.670774647887324, "Selective": 0.2834507042253521, "Restrictive": 0.03873239436619718, "No": 0.007042253521126761}, "RouteViews": {"Open": 0.6525679758308157, "Selective": 0.28700906344410876, "Restrictive": 0.05740181268882175, "No": 0.0030211480362537764}, "RIPE RIS + RouteViews": {"Open": 0.6836601307189543, "Selective": 0.2718954248366013, "Restrictive": 0.03790849673202614, "No": 0.006535947712418301}, "BGPtools": {"Open": 0.8248730964467005, "Selective": 0.14720812182741116, "Restrictive": 0.02284263959390863, "No": 0.005076142131979695}}}