{"feature": "ASDB_C1L1", "xlabel": "ASDB C1L1", "ylabel": "Fraction", "bars": {"All ASes": {"ICT": 0.5258729199084214, "Retail & E-commerce": 0.08296579680267996, "Finance": 0.06460053321704312, "Service": 0.06394640078495892, "Edu. & Research": 0.0472660237668117, "Media": 0.036472838637422324, "Manufacturing": 0.03308324330753144, "Gov. & Public": 0.027751072876299594, "Real Estate": 0.024817388029376494, "Other": 0.01984201710655421, "Nonprofit": 0.017592197984082777, "Health": 0.014301713628750112, "Shipment & postal": 0.011377939879282832, "Entertainment": 0.0088010545407693, "Travel": 0.008355055155257342, "Agro, Mining, etc.": 0.006977412608898183, "Utilities": 0.005976391765860234}, "Atlas": {"ICT": 0.744973544973545, "Retail & E-commerce": 0.059788359788359786, "Edu. & Research": 0.05714285714285714, "Media": 0.023544973544973546, "Service": 0.02275132275132275, "Nonprofit": 0.021164021164021163, "Real Estate": 0.015873015873015872, "Manufacturing": 0.012698412698412698, "Other": 0.007936507936507936, "Finance": 0.0068783068783068784, "Gov. & Public": 0.00582010582010582, "Entertainment": 0.005555555555555556, "Health": 0.004497354497354497, "Agro, Mining, etc.": 0.003968253968253968, "Travel": 0.0031746031746031746, "Utilities": 0.0021164021164021165, "Shipment & postal": 0.0021164021164021165}, "RIS": {"ICT": 0.8013816925734024, "Edu. & Research": 0.05008635578583765, "Nonprofit": 0.039723661485319514, "Retail & E-commerce": 0.02936096718480138, "Service": 0.02072538860103627, "Other": 0.012089810017271158, "Real Estate": 0.010362694300518135, "Media": 0.008635578583765112, "Gov. & Public": 0.0051813471502590676, "Finance": 0.0051813471502590676, "Manufacturing": 0.0051813471502590676, "Entertainment": 0.0051813471502590676, "Travel": 0.0017271157167530224, "Utilities": 0.0017271157167530224, "Health": 0.0017271157167530224, "Agro, Mining, etc.": 0.0017271157167530224}, "RouteViews": {"ICT": 0.8226299694189603, "Edu. & Research": 0.07951070336391437, "Nonprofit": 0.03363914373088685, "Finance": 0.01529051987767584, "Retail & E-commerce": 0.012232415902140673, "Media": 0.012232415902140673, "Gov. & Public": 0.009174311926605505, "Service": 0.009174311926605505, "Health": 0.0030581039755351682, "Other": 0.0030581039755351682}, "RIS&RouteViews": {"ICT": 0.8002594033722439, "Edu. & Research": 0.06355382619974059, "Nonprofit": 0.040207522697795074, "Retail & E-commerce": 0.02464332036316472, "Service": 0.016861219195849545, "Media": 0.010376134889753566, "Other": 0.010376134889753566, "Real Estate": 0.007782101167315175, "Gov. & Public": 0.00648508430609598, "Finance": 0.00648508430609598, "Manufacturing": 0.0038910505836575876, "Entertainment": 0.0038910505836575876, "Travel": 0.0012970168612191958, "Utilities": 0.0012970168612191958, "Health": 0.0012970168612191958, "Agro, Mining, etc.": 0.0012970168612191958}, "BGPtools": {"ICT": 0.6419753086419753, "Service": 0.07716049382716049, "Edu. & Research": 0.06172839506172839, "Nonprofit": 0.033950617283950615, "Real Estate": 0.033950617283950615, "Media": 0.024691358024691357, "Manufacturing": 0.024691358024691357, "Finance": 0.021604938271604937, "Retail & E-commerce": 0.018518518518518517, "Travel": 0.012345679012345678, "Shipment & postal": 0.012345679012345678, "Agro, Mining, etc.": 0.009259259259259259, "Other": 0.009259259259259259, "Entertainment": 0.006172839506172839, "Health": 0.006172839506172839, "Gov. & Public": 0.0030864197530864196, "Utilities": 0.0030864197530864196}}}