{"feature": "peeringDB_info_scope", "xlabel": "Scope (PeeringDB)", "ylabel": "Fraction", "bars": {"All ASes": {"Not Disclosed": 0.31118320202488325, "Regional": 0.24961676945563438, "Europe": 0.12078000784285765, "Asia Pacific": 0.09832091547538412, "Global": 0.08987201882285836, "North America": 0.05022993832661937, "South America": 0.0500873409147624, "Africa": 0.014758832127196891, "Australia": 0.010659156536308867, "Middle East": 0.004491818473494706}, "Atlas": {"Regional": 0.31109598366235536, "Europe": 0.28012253233492174, "Not Disclosed": 0.15078284547311097, "Global": 0.10006807351940095, "Asia Pacific": 0.06501021102791014, "North America": 0.0439074200136147, "South America": 0.019400953029271615, "Africa": 0.014295439074200136, "Australia": 0.008849557522123894, "Middle East": 0.006466984343090538}, "RIS": {"Europe": 0.3140916808149406, "Global": 0.2801358234295416, "Regional": 0.23769100169779286, "Asia Pacific": 0.04074702886247878, "Not Disclosed": 0.04074702886247878, "South America": 0.028862478777589132, "North America": 0.028862478777589132, "Africa": 0.02037351443123939, "Middle East": 0.008488964346349746}, "RouteViews": {"Global": 0.30538922155688625, "Regional": 0.19461077844311378, "Asia Pacific": 0.1377245508982036, "Europe": 0.11077844311377245, "North America": 0.09880239520958084, "South America": 0.05688622754491018, "Not Disclosed": 0.03293413173652695, "Africa": 0.03293413173652695, "Middle East": 0.020958083832335328, "Australia": 0.008982035928143712}, "RIS&RouteViews": {"Global": 0.25987261146496815, "Europe": 0.25477707006369427, "Regional": 0.2356687898089172, "Asia Pacific": 0.08025477707006369, "North America": 0.05477707006369427, "Not Disclosed": 0.04076433121019108, "South America": 0.035668789808917196, "Africa": 0.025477707006369428, "Middle East": 0.008917197452229299, "Australia": 0.003821656050955414}, "BGPtools": {"Europe": 0.3219178082191781, "Global": 0.2511415525114155, "Regional": 0.15296803652968036, "Not Disclosed": 0.1095890410958904, "North America": 0.08447488584474885, "Asia Pacific": 0.06164383561643835, "South America": 0.0091324200913242, "Africa": 0.0091324200913242}}}