{"feature": "peeringDB_info_traffic", "xlabel": "Traffic volume (PeeringDB)", "ylabel": "Fraction", "bars": {"All ASes": {"1000.0": 0.24441492573360704, "5000.0": 0.1580123173529767, "100.0": 0.1356720202874049, "10000.0": 0.127701968361309, "20000.0": 0.10904480135249366, "50000.0": 0.0650887573964497, "100000.0": 0.03568409612365656, "20.0": 0.034597270861007126, "1.0": 0.023487501509479532, "1000000.0": 0.018174133558748945, "500000.0": 0.014672141045767419, "300000.0": 0.014068349233184398, "200000.0": 0.012317352976693636, "5000000.0": 0.002717063156623596, "10000000.0": 0.0024755464315903875, "100000000.0": 0.0010264460813911363, "20000000.0": 0.0006037918125830214, "50000000.0": 0.00024151672503320854}, "RIPE Atlas": {"1000.0": 0.171356783919598, "20000.0": 0.12412060301507538, "10000.0": 0.11256281407035176, "50000.0": 0.10552763819095477, "5000.0": 0.10150753768844221, "100.0": 0.08894472361809046, "100000.0": 0.07085427135678392, "1000000.0": 0.05527638190954774, "500000.0": 0.04271356783919598, "20.0": 0.031155778894472363, "300000.0": 0.030653266331658293, "200000.0": 0.02814070351758794, "1.0": 0.016080402010050253, "10000000.0": 0.009045226130653266, "5000000.0": 0.007035175879396985, "100000000.0": 0.002512562814070352, "20000000.0": 0.0020100502512562816, "50000000.0": 0.0005025125628140704}, "RIPE RIS": {"1000.0": 0.14285714285714285, "100.0": 0.10368663594470046, "1000000.0": 0.10138248847926268, "10000.0": 0.09216589861751152, "20000.0": 0.08986175115207373, "50000.0": 0.08525345622119816, "100000.0": 0.08294930875576037, "5000.0": 0.08064516129032258, "500000.0": 0.052995391705069124, "200000.0": 0.03456221198156682, "20.0": 0.02534562211981567, "300000.0": 0.02534562211981567, "10000000.0": 0.02304147465437788, "5000000.0": 0.020737327188940093, "1.0": 0.018433179723502304, "100000000.0": 0.01152073732718894, "50000000.0": 0.004608294930875576, "20000000.0": 0.004608294930875576}, "RouteViews": {"1000000.0": 0.13043478260869565, "100000.0": 0.10276679841897234, "20000.0": 0.09486166007905138, "10000.0": 0.09090909090909091, "1000.0": 0.08695652173913043, "5000.0": 0.08695652173913043, "50000.0": 0.07509881422924901, "100.0": 0.07114624505928854, "500000.0": 0.05138339920948617, "5000000.0": 0.043478260869565216, "20.0": 0.03557312252964427, "200000.0": 0.03557312252964427, "300000.0": 0.03557312252964427, "10000000.0": 0.02766798418972332, "100000000.0": 0.019762845849802372, "50000000.0": 0.007905138339920948, "20000000.0": 0.003952569169960474}, "RIPE RIS + RouteViews": {"1000.0": 0.13310580204778158, "10000.0": 0.09897610921501707, "100.0": 0.09726962457337884, "1000000.0": 0.09726962457337884, "20000.0": 0.09726962457337884, "5000.0": 0.09215017064846416, "100000.0": 0.08873720136518772, "50000.0": 0.08191126279863481, "500000.0": 0.052901023890784986, "200000.0": 0.032423208191126277, "20.0": 0.025597269624573378, "300000.0": 0.025597269624573378, "5000000.0": 0.02218430034129693, "10000000.0": 0.020477815699658702, "1.0": 0.013651877133105802, "100000000.0": 0.011945392491467578, "50000000.0": 0.005119453924914676, "20000000.0": 0.0034129692832764505}, "BGPtools": {"100.0": 0.18729096989966554, "1000.0": 0.18729096989966554, "20.0": 0.13043478260869565, "1.0": 0.11705685618729098, "20000.0": 0.07357859531772576, "5000.0": 0.07357859531772576, "10000.0": 0.05016722408026756, "50000.0": 0.043478260869565216, "100000.0": 0.03678929765886288, "1000000.0": 0.033444816053511704, "200000.0": 0.020066889632107024, "300000.0": 0.013377926421404682, "10000000.0": 0.013377926421404682, "500000.0": 0.006688963210702341, "50000000.0": 0.006688963210702341, "5000000.0": 0.0033444816053511705, "20000000.0": 0.0033444816053511705}}}