{"feature": "AS_rank_continent", "xlabel": "Location (continent)", "ylabel": "Fraction", "bars": {"All ASes": {"North America": 0.3011731054391029, "Europe": 0.29392564775249846, "Asia": 0.24844039273148433, "South America": 0.10328943327688622, "Oceania": 0.03204323906958788, "Africa": 0.0211281817304402}, "Atlas": {"Europe": 0.6422784810126583, "North America": 0.14, "Asia": 0.12632911392405063, "South America": 0.034430379746835445, "Africa": 0.030886075949367087, "Oceania": 0.026075949367088607}, "RIS": {"Europe": 0.6362126245847176, "North America": 0.11960132890365449, "Asia": 0.11960132890365449, "South America": 0.059800664451827246, "Africa": 0.04817275747508306, "Oceania": 0.016611295681063124}, "RouteViews": {"North America": 0.3106508875739645, "Europe": 0.2514792899408284, "Asia": 0.20118343195266272, "South America": 0.10946745562130178, "Africa": 0.0650887573964497, "Oceania": 0.0621301775147929}, "RIS&RouteViews": {"Europe": 0.5168539325842697, "North America": 0.1797752808988764, "Asia": 0.14731585518102372, "South America": 0.07240948813982521, "Africa": 0.05368289637952559, "Oceania": 0.0299625468164794}, "BGPtools": {"Europe": 0.580046403712297, "North America": 0.2111368909512761, "Asia": 0.11600928074245939, "South America": 0.03944315545243619, "Africa": 0.03480278422273782, "Oceania": 0.018561484918793503}}}