{"feature": "AS_rank_source", "xlabel": "RIR region", "ylabel": "Fraction", "bars": {"All ASes": {"RIPE": 0.3386879909419008, "ARIN": 0.281163753449862, "APNIC": 0.24559479159295167, "LACNIC": 0.1143585025829736, "AFRINIC": 0.020194961432311937}, "RIPE Atlas": {"RIPE": 0.6983240223463687, "ARIN": 0.11884205180294566, "APNIC": 0.10385982732351448, "LACNIC": 0.04926358557643474, "AFRINIC": 0.029710512950736415}, "RIPE RIS": {"RIPE": 0.7321739130434782, "ARIN": 0.10260869565217391, "APNIC": 0.09739130434782609, "LACNIC": 0.06086956521739131, "AFRINIC": 0.006956521739130435}, "RouteViews": {"RIPE": 0.3263473053892216, "ARIN": 0.2844311377245509, "APNIC": 0.2215568862275449, "LACNIC": 0.10778443113772455, "AFRINIC": 0.059880239520958084}, "RIPE RIS + RouteViews": {"RIPE": 0.5896774193548387, "ARIN": 0.16129032258064516, "APNIC": 0.14580645161290323, "LACNIC": 0.07354838709677419, "AFRINIC": 0.02967741935483871}, "BGPtools": {"RIPE": 0.7421875, "ARIN": 0.13020833333333334, "APNIC": 0.0625, "LACNIC": 0.0390625, "AFRINIC": 0.026041666666666668}}}