{"feature": "peeringDB_info_scope", "xlabel": "Scope (PeeringDB)", "ylabel": "Fraction", "bars": {"All ASes": {"Not Disclosed": 0.3101151256245022, "Regional": 0.2515748316559264, "Europe": 0.12099051480703787, "Asia Pacific": 0.09749475056114691, "Global": 0.0895662877416552, "South America": 0.050213597856780826, "North America": 0.050213597856780826, "Africa": 0.014626022735500687, "Australia": 0.010679892839041343, "Middle East": 0.004525378321627688}, "RIPE Atlas": {"Regional": 0.3178991015894955, "Europe": 0.278852798894264, "Not Disclosed": 0.14754664823773325, "Global": 0.0995162404975812, "Asia Pacific": 0.06254319281271596, "North America": 0.04664823773324119, "South America": 0.01796821008984105, "Africa": 0.014512785072563926, "Australia": 0.007601935038009675, "Middle East": 0.006910850034554251}, "RIPE RIS": {"Europe": 0.33568904593639576, "Global": 0.27385159010600707, "Regional": 0.2332155477031802, "Asia Pacific": 0.045936395759717315, "Not Disclosed": 0.0353356890459364, "South America": 0.03180212014134275, "North America": 0.030035335689045935, "Middle East": 0.01060070671378092, "Africa": 0.0035335689045936395}, "RouteViews": {"Global": 0.3100303951367781, "Regional": 0.18541033434650456, "Asia Pacific": 0.1398176291793313, "Europe": 0.10638297872340426, "North America": 0.10638297872340426, "South America": 0.057750759878419454, "Not Disclosed": 0.030395136778115502, "Africa": 0.030395136778115502, "Middle East": 0.0243161094224924, "Australia": 0.00911854103343465}, "RIPE RIS + RouteViews": {"Europe": 0.26412614980289095, "Global": 0.26018396846254926, "Regional": 0.22996057818659657, "Asia Pacific": 0.08409986859395532, "North America": 0.05913272010512484, "South America": 0.03679369250985545, "Not Disclosed": 0.035479632063074903, "Africa": 0.01576872536136662, "Middle East": 0.010512483574244415, "Australia": 0.003942181340341655}, "BGPtools": {"Europe": 0.3248081841432225, "Global": 0.2506393861892583, "Regional": 0.1534526854219949, "Not Disclosed": 0.12276214833759591, "North America": 0.07161125319693094, "Asia Pacific": 0.0639386189258312, "South America": 0.0076726342710997444, "Africa": 0.005115089514066497}}}