{"feature": "AS_rank_continent", "xlabel": "Location (continent)", "ylabel": "Fraction", "bars": {"All ASes": {"North America": 0.30224260506954465, "Europe": 0.294770206022187, "Asia": 0.246456365262198, "South America": 0.1034537711710595, "Oceania": 0.032129545192963196, "Africa": 0.02094750728204765}, "RIPE Atlas": {"Europe": 0.642512077294686, "North America": 0.14365624205441138, "Asia": 0.12484108822781592, "South America": 0.033053648614289347, "Africa": 0.032036613272311214, "Oceania": 0.023900330536486145}, "RIPE RIS": {"Europe": 0.6747826086956522, "Asia": 0.12695652173913044, "North America": 0.11826086956521739, "South America": 0.057391304347826085, "Oceania": 0.01565217391304348, "Africa": 0.006956521739130435}, "RouteViews": {"North America": 0.3063063063063063, "Europe": 0.2552552552552553, "Asia": 0.2042042042042042, "South America": 0.10810810810810811, "Africa": 0.06306306306306306, "Oceania": 0.06306306306306306}, "RIPE RIS + RouteViews": {"Europe": 0.5361757105943152, "North America": 0.17829457364341086, "Asia": 0.1524547803617571, "South America": 0.0710594315245478, "Africa": 0.031007751937984496, "Oceania": 0.031007751937984496}, "BGPtools": {"Europe": 0.59375, "North America": 0.20572916666666666, "Asia": 0.11458333333333333, "South America": 0.0390625, "Africa": 0.033854166666666664, "Oceania": 0.013020833333333334}}}